Series Name,Series Code,Country Name,Country Code,2004 [YR2004],2005 [YR2005],2006 [YR2006],2007 [YR2007],2008 [YR2008],2009 [YR2009],2010 [YR2010],2011 [YR2011],2012 [YR2012],2013 [YR2013],2014 [YR2014],2015 [YR2015],2016 [YR2016],2017 [YR2017],2018 [YR2018],2019 [YR2019],2020 [YR2020],2021 [YR2021],2022 [YR2022],2023 [YR2023]
"Population, total",SP.POP.TOTL,Afghanistan,AFG,23553551,24411191,25442944,25903301,26427199,27385307,28189672,29249157,30466479,31541209,32716210,33753499,34636207,35643418,36686784,37769499,38972230,40099462,41128771,42239854
"Population, total",SP.POP.TOTL,Africa Eastern and Southern,AFE,445281555,457153837,469508516,482406426,495748900,509410477,523459657,537792950,552530654,567892149,583651101,600008424,616377605,632746570,649757148,667242986,685112979,702977106,720859132,739108306
"Population, total",SP.POP.TOTL,Africa Western and Central,AFW,301265247,309824829,318601484,327612838,336893835,346475221,356337762,366489204,376797999,387204553,397855507,408690375,419778384,431138704,442646825,454306063,466189102,478185907,490330870,502789511
"Population, total",SP.POP.TOTL,Albania,ALB,3026939,3011487,2992547,2970017,2947314,2927519,2913021,2905195,2900401,2895092,2889104,2880703,2876101,2873457,2866376,2854191,2837849,2811666,2777689,2745972
"Population, total",SP.POP.TOTL,Algeria,DZA,32510186,32956690,33435080,33983827,34569592,35196037,35856344,36543541,37260563,38000626,38760168,39543154,40339329,41136546,41927007,42705368,43451666,44177969,44903225,45606480
"Population, total",SP.POP.TOTL,American Samoa,ASM,57626,57254,56837,56383,55891,55366,54849,54310,53691,52995,52217,51368,50448,49463,48424,47321,46189,45035,44273,43914
"Population, total",SP.POP.TOTL,Andorra,AND,76933,79826,80221,78168,76055,73852,71519,70567,71013,71367,71621,71746,72540,73837,75013,76343,77700,79034,79824,80088
"Population, total",SP.POP.TOTL,Angola,AGO,18771125,19450959,20162340,20909684,21691522,22507674,23364185,24259111,25188292,26147002,27128337,28127721,29154746,30208628,31273533,32353588,33428486,34503774,35588987,36684202
"Population, total",SP.POP.TOTL,Antigua and Barbuda,ATG,78941,79869,80895,82016,83251,84534,85695,86729,87674,88497,89236,89941,90564,91119,91626,92117,92664,93219,93763,94298
"Population, total",SP.POP.TOTL,Arab World,ARB,313249616,320558754,328703057,337498222,346630443,355754908,364427661,372351065,380383408,389131555,397922915,406501999,415077960,423664839,432545676,441467739,449228296,456520777,464684914,473272080
"Population, total",SP.POP.TOTL,Argentina,ARG,38668796,39070501,39476851,39876111,40273769,40684338,40788453,41261490,41733271,42202935,42669500,43131966,43590368,44044811,44494502,44938712,45376763,45808747,46234830,46654581
"Population, total",SP.POP.TOTL,Armenia,ARM,3065745,3047246,3026486,3004393,2983421,2964296,2946293,2928976,2914421,2901385,2889930,2878595,2865835,2851923,2836557,2820602,2805608,2790974,2780469,2777970
"Population, total",SP.POP.TOTL,Aruba,ABW,93540,94483,95606,96787,97996,99212,100341,101288,102112,102880,103594,104257,104874,105439,105962,106442,106585,106537,106445,106277
"Population, total",SP.POP.TOTL,Australia,AUS,19932722,20176844,20450966,20827622,21249199,21691653,22031750,22340024,22733465,23128129,23475686,23815995,24190907,24592588,24963258,25334826,25649248,25685412,26014399,26638544
"Population, total",SP.POP.TOTL,Austria,AUT,8171966,8227829,8268641,8295487,8321496,8343323,8363404,8391643,8429991,8479823,8546356,8642699,8736668,8797566,8840521,8879920,8916864,8955797,9041851,9132383
"Population, total",SP.POP.TOTL,Azerbaijan,AZE,8306500,8391850,8484550,8581300,8763400,8947243,9054332,9173082,9295784,9416801,9535079,9649341,9757812,9854033,9939771,10024283,10093121,10137750,10141756,10112555
"Population, total",SP.POP.TOTL,"Bahamas, The",BHS,343089,347804,352664,357666,362795,368057,373272,377950,382061,385650,389131,392697,395976,399020,401906,404557,406471,407906,409984,412623
"Population, total",SP.POP.TOTL,Bahrain,BHR,833451,901921,970981,1040532,1110343,1179453,1213645,1212077,1224939,1261673,1311134,1362142,1409661,1456834,1487340,1494188,1477469,1463265,1472233,1485509
"Population, total",SP.POP.TOTL,Bangladesh,BGD,138789725,140912590,142628831,144135934,145421318,146706810,148391139,150211005,152090649,154030139,155961299,157830000,159784568,161793964,163683958,165516222,167420951,169356251,171186372,172954319
"Population, total",SP.POP.TOTL,Barbados,BRB,268505,269477,270425,271444,272635,273791,274711,275486,276197,276865,277493,278083,278649,279187,279688,280180,280693,281200,281635,281995
"Population, total",SP.POP.TOTL,Belarus,BLR,9730146,9663915,9604924,9560953,9527985,9504583,9483836,9461643,9446836,9443211,9448515,9461076,9469379,9458989,9438785,9419758,9379952,9302585,9228071,9178298
"Population, total",SP.POP.TOTL,Belgium,BEL,10421137,10478617,10547958,10625700,10709973,10796493,10895586,11038264,11106932,11159407,11209057,11274196,11331422,11375158,11427054,11488980,11538604,11586195,11685814,11822592
"Population, total",SP.POP.TOTL,Belize,BLZ,272128,280375,288729,297173,305671,314171,322106,329538,337059,344688,352335,359871,367313,374693,382066,389095,394921,400031,405272,410825
"Population, total",SP.POP.TOTL,Benin,BEN,7894554,8149419,8402631,8647761,8906469,9172514,9445710,9726380,10014078,10308730,10614844,10932783,11260085,11596779,11940683,12290444,12643123,12996895,13352864,13712828
"Population, total",SP.POP.TOTL,Bermuda,BMU,63740,64154,64523,64888,65273,65636,65124,64564,64798,65001,65138,65237,64554,63873,63918,63911,63893,63764,63595,63489
"Population, total",SP.POP.TOTL,Bhutan,BTN,649991,663323,673260,681614,689737,697678,705516,713331,721145,728889,736357,743274,749761,756121,762096,767459,772506,777486,782455,787424
"Population, total",SP.POP.TOTL,Bolivia,BOL,9216279,9377388,9542663,9711152,9880593,10051317,10223270,10396246,10569697,10743349,10916987,11090085,11263015,11435533,11606905,11777315,11936162,12079472,12224110,12388571
"Population, total",SP.POP.TOTL,Bosnia and Herzegovina,BIH,4142860,4094297,4058086,4007876,3943392,3877750,3811088,3743142,3674374,3617559,3571068,3524324,3480986,3440027,3400129,3360711,3318407,3270943,3233526,3210847
"Population, total",SP.POP.TOTL,Botswana,BWA,1859085,1892807,1928704,1966977,2007320,2048997,2091664,2134037,2175425,2217278,2260376,2305171,2352416,2401840,2451409,2499702,2546402,2588423,2630296,2675352
"Population, total",SP.POP.TOTL,Brazil,BRA,184722043,186797334,188820682,190779453,192672317,194517549,196353492,198185302,199977707,201721767,203459650,205188205,206859578,208504960,210166592,211782878,213196304,214326223,215313498,216422446
"Population, total",SP.POP.TOTL,British Virgin Islands,VGB,22715,23497,24323,25191,26115,27044,27556,27962,28421,28657,28971,29366,29739,30060,30335,30610,30910,31122,31305,31538
"Population, total",SP.POP.TOTL,Brunei Darussalam,BRN,360461,366717,372808,378748,384568,390311,396053,401506,406634,411702,416656,421437,425994,430276,434274,438048,441725,445373,449002,452524
"Population, total",SP.POP.TOTL,Bulgaria,BGR,7716860,7658972,7601022,7545338,7492561,7444443,7395599,7348328,7305888,7265115,7223938,7177991,7127822,7075947,7025037,6975761,6934015,6877743,6465097,6430370
"Population, total",SP.POP.TOTL,Burkina Faso,BFA,13445977,13876127,14316242,14757074,15197915,15650022,16116845,16602651,17113732,17636408,18169842,18718019,19275498,19835858,20392723,20951639,21522626,22100683,22673762,23251485
"Population, total",SP.POP.TOTL,Burundi,BDI,7120496,7388874,7658190,7944609,8278109,8709366,9126605,9455733,9795479,10149577,10494913,10727148,10903327,11155593,11493472,11874838,12220227,12551213,12889576,13238559
"Population, total",SP.POP.TOTL,Cabo Verde,CPV,486583,492827,498884,504733,510336,515638,521212,527521,533864,539940,546076,552166,558394,564954,571202,577030,582640,587925,593149,598682
"Population, total",SP.POP.TOTL,Cambodia,KHM,13016371,13246583,13477779,13714791,13943888,14155740,14363532,14573885,14786640,14999683,15210817,15417523,15624584,15830689,16025238,16207746,16396860,16589023,16767842,16944826
"Population, total",SP.POP.TOTL,Cameroon,CMR,16809407,17275171,17751333,18251866,18777081,19319274,19878036,20448873,21032684,21632850,22299585,23012646,23711630,24393181,25076747,25782341,26491087,27198628,27914536,28647293
"Population, total",SP.POP.TOTL,Canada,CAN,31938807,32242732,32571193,32888886,33247298,33630069,34005902,34339221,34713395,35080992,35434066,35704498,36110803,36545075,37072620,37618495,38028638,38239864,38939056,40097761
"Population, total",SP.POP.TOTL,Caribbean small states,CSS,2735176,2756536,2777604,2798623,2819748,2840648,2860236,2878168,2898802,2922026,2945840,2969980,2993247,3016651,3058106,3090374,3106185,3128519,3147057,3167738
"Population, total",SP.POP.TOTL,Cayman Islands,CYM,45286,46727,48177,49647,51123,52602,54074,55492,56860,58212,59559,60911,62255,63581,64884,66134,67311,68136,68706,69310
"Population, total",SP.POP.TOTL,Central African Republic,CAF,4115138,4208834,4294352,4375569,4467233,4564540,4660067,4732022,4773306,4802428,4798734,4819333,4904177,4996741,5094780,5209324,5343020,5457154,5579144,5742315
"Population, total",SP.POP.TOTL,Central Europe and the Baltics,CEB,106331716,106041911,105772481,105378748,105001883,104800475,104421447,104174038,103935318,103713726,103496179,103257886,102994278,102740078,102538451,102398537,102180124,101413157,100108262,100156608
"Population, total",SP.POP.TOTL,Chad,TCD,9613503,10005012,10365614,10722731,11098664,11496128,11894727,12317730,12754906,13216766,13697126,14140274,14592585,15085884,15604210,16126866,16644701,17179740,17723315,18278568
"Population, total",SP.POP.TOTL,Channel Islands,CHI,149538,150763,151985,153225,154475,155721,156933,157819,158621,159794,160912,162190,163721,165215,167259,169410,171113,172683,174079,175346
"Population, total",SP.POP.TOTL,Chile,CHL,16017966,16175311,16334575,16495538,16661462,16833447,17004162,17173573,17341771,17509925,17687108,17870124,18083879,18368577,18701450,19039485,19300315,19493184,19603733,19629590
"Population, total",SP.POP.TOTL,China,CHN,1296075000,1303720000,1311020000,1317885000,1324655000,1331260000,1337705000,1345035000,1354190000,1363240000,1371860000,1379860000,1387790000,1396215000,1402760000,1407745000,1411100000,1412360000,1412175000,1410710000
"Population, total",SP.POP.TOTL,Colombia,COL,41648268,42220940,42772910,43306582,43815313,44313917,44816108,45308899,45782417,46237930,46677947,47119728,47625955,48351671,49276961,50187406,50930662,51516562,51874024,52085168
"Population, total",SP.POP.TOTL,Comoros,COM,581154,592683,604658,616899,629470,642493,656024,670071,684553,699393,714612,730216,746232,761664,776313,790986,806166,821625,836774,852075
"Population, total",SP.POP.TOTL,"Congo, Dem. Rep.",COD,54815607,56550247,58381630,60289422,62249724,64270232,66391257,68654269,70997870,73460021,76035588,78656904,81430977,84283273,87087355,89906890,92853164,95894118,99010212,102262808
"Population, total",SP.POP.TOTL,"Congo, Rep.",COG,3543012,3672839,3813323,3956329,4089602,4257230,4437884,4584216,4713257,4828066,4944861,5064386,5186824,5312340,5441062,5570733,5702174,5835806,5970424,6106869
"Population, total",SP.POP.TOTL,Costa Rica,CRI,4252800,4315887,4378172,4440019,4501921,4563127,4622252,4679926,4736593,4791535,4844288,4895242,4945205,4993842,5040734,5084532,5123105,5153957,5180829,5212173
"Population, total",SP.POP.TOTL,Cote d'Ivoire,CIV,18544903,18970215,19394057,19817700,20244449,20677762,21120042,21562914,22010712,22469268,22995555,23596741,24213622,24848016,25493988,26147551,26811790,27478249,28160542,28873034
"Population, total",SP.POP.TOTL,Croatia,HRV,4304600,4310145,4311159,4310217,4309705,4305181,4295427,4280622,4267558,4255689,4238389,4203604,4174349,4124531,4087843,4065253,4047680,3878981,3855641,3853200
"Population, total",SP.POP.TOTL,Cuba,CUB,11225294,11246114,11260630,11269887,11276609,11283185,11290417,11298710,11309290,11321579,11332026,11339894,11342012,11336405,11328244,11316697,11300698,11256372,11212191,11194449
"Population, total",SP.POP.TOTL,Curacao,CUW,134192,137658,141239,144056,145880,146833,148703,150831,152088,153822,155909,157980,159664,160175,159336,157441,154947,152369,149996,147862
"Population, total",SP.POP.TOTL,Cyprus,CYP,1018684,1037062,1055438,1073873,1092390,1110974,1129686,1145086,1156556,1166968,1176995,1187280,1197881,1208523,1218831,1228836,1237537,1244188,1251488,1260138
"Population, total",SP.POP.TOTL,Czechia,CZE,10197101,10211216,10238905,10298828,10384603,10443936,10474410,10496088,10510785,10514272,10525347,10546059,10566332,10594438,10629928,10671870,10697858,10505772,10672118,10873689
"Population, total",SP.POP.TOTL,Denmark,DNK,5404523,5419432,5437272,5461438,5493621,5523095,5547683,5570572,5591572,5614932,5643475,5683483,5728010,5764980,5793636,5814422,5831404,5856733,5903037,5946952
"Population, total",SP.POP.TOTL,Djibouti,DJI,818373,830861,846947,865196,882886,901103,919199,936811,954297,971753,989087,1006259,1023261,1040233,1057198,1073994,1090156,1105557,1120849,1136455
"Population, total",SP.POP.TOTL,Dominica,DMA,68574,68674,68742,68775,68782,68787,68755,68742,68888,68819,69371,70007,70075,70403,70823,71428,71995,72412,72737,73040
"Population, total",SP.POP.TOTL,Dominican Republic,DOM,9043127,9164768,9284168,9402206,9522948,9648061,9775755,9903737,10030882,10157051,10282115,10405832,10527592,10647244,10765531,10881882,10999664,11117873,11228821,11332972
"Population, total",SP.POP.TOTL,Early-demographic dividend,EAR,2680567394,2725013738,2769421149,2813790790,2857587007,2901329923,2946285613,2991403487,3035159632,3078407213,3121656203,3165214886,3208369547,3250752755,3292896609,3334561751,3374383528,3411268373,3447398652,3486290439
"Population, total",SP.POP.TOTL,East Asia & Pacific,EAS,2116651449,2132517760,2148405823,2164155292,2179914111,2195169711,2210203758,2225992094,2243776727,2261274500,2278232287,2294507020,2310721864,2327132966,2341383691,2353856866,2363934334,2370214403,2375208613,2380601170
"Population, total",SP.POP.TOTL,East Asia & Pacific (excluding high income),EAP,1881541652,1896768430,1911702057,1926287101,1940749039,1955023279,1969168373,1984249541,2001246209,2018050656,2034247084,2049740052,2065155186,2080901482,2094506990,2106374009,2116360715,2123610397,2129094071,2133652241
"Population, total",SP.POP.TOTL,East Asia & Pacific (IDA & IBRD countries),TEA,1857622964,1872697597,1887496209,1901960228,1916309337,1930470829,1944510719,1959494275,1976386829,1993077336,2009149689,2024511016,2039794828,2055414680,2068898629,2080648616,2090523535,2097669023,2103055378,2107522258
"Population, total",SP.POP.TOTL,Ecuador,ECU,13534593,13770012,14009061,14251835,14496797,14742766,14989585,15237728,15483883,15722989,15957994,16195902,16439585,16696944,17015672,17343740,17588595,17797737,18001000,18190484
"Population, total",SP.POP.TOTL,"Egypt, Arab Rep.",EGY,77522427,79075310,80629670,82218755,83844783,85501064,87252413,89200054,91240376,93377890,95592324,97723799,99784030,101789386,103740765,105618671,107465134,109262178,110990103,112716598
"Population, total",SP.POP.TOTL,El Salvador,SLV,6035655,6037817,6034436,6044131,6068099,6091188,6114034,6137349,6161289,6185642,6209526,6231066,6250510,6266654,6276342,6280217,6292731,6314167,6336392,6364943
"Population, total",SP.POP.TOTL,Equatorial Guinea,GNQ,826355,864726,905418,948814,994971,1043686,1094524,1144588,1193636,1243941,1295183,1346973,1398927,1450694,1502091,1553031,1596049,1634466,1674908,1714671
"Population, total",SP.POP.TOTL,Eritrea,ERI,2763140,2831732,2880093,2926168,3005779,3083888,3147727,3207570,3252596,3296367,3323425,3340006,3365287,3396933,3445374,3498818,3555868,3620312,3684032,3748901
"Population, total",SP.POP.TOTL,Estonia,EST,1362550,1354775,1346810,1340680,1337090,1334515,1331475,1327439,1322696,1317997,1314545,1315407,1315790,1317384,1321977,1326898,1329522,1330932,1348840,1366188
"Population, total",SP.POP.TOTL,Eswatini,SWZ,1065764,1071886,1077735,1084008,1089870,1094886,1099920,1105371,1111444,1118319,1125865,1133936,1142524,1151390,1160428,1169613,1180655,1192271,1201670,1210822
"Population, total",SP.POP.TOTL,Ethiopia,ETH,75301026,77469940,79691050,81996185,84357105,86755585,89237791,91817929,94451280,97084366,99746766,102471895,105293228,108197950,111129438,114120594,117190911,120283026,123379924,126527060
"Population, total",SP.POP.TOTL,Euro area,EMU,332006792,333709006,335250759,336971054,338599969,339682801,340467048,339722971,340450693,341584506,342725321,343718279,344683796,345370612,346153001,346517987,346961127,346942960,348331552,350357398
"Population, total",SP.POP.TOTL,Europe & Central Asia,ECS,870382097,873001450,875680116,878472460,882068986,885603905,889077806,891273900,894705970,898764759,902938502,907094808,911173722,914748588,918181600,921212388,923384672,924168763,920988359,923929755
"Population, total",SP.POP.TOTL,Europe & Central Asia (excluding high income),ECA,219860219,220987094,222181747,223150949,224757863,226581984,228742156,230906639,232735642,234709774,236718663,238848390,240976831,243006453,245052675,247195931,248913167,250663105,246915820,247474425
"Population, total",SP.POP.TOTL,Europe & Central Asia (IDA & IBRD countries),TEC,435582965,435960155,436478592,436815160,437966129,439636046,441572315,443764567,445808734,448060105,450338927,452672729,454966816,457063732,459012381,461027359,462304330,463035774,457342249,457326090
"Population, total",SP.POP.TOTL,European Union,EUU,434059923,435600393,437014860,438484072,439892213,440934530,441552554,440769682,441419873,442496175,443601373,444570054,445515422,446215182,447001100,447367191,447692315,447178093,447370551,449476878
"Population, total",SP.POP.TOTL,Faroe Islands,FRO,47989,48291,48313,48361,48411,48429,48410,48386,48392,48418,48465,48816,49500,50230,50955,51681,52415,52889,53090,53270
"Population, total",SP.POP.TOTL,Fiji,FJI,866694,874923,883083,890648,896731,901383,905169,908355,911059,913453,915560,917200,918371,919019,918996,918465,920422,924610,929766,936375
"Population, total",SP.POP.TOTL,Finland,FIN,5228172,5246096,5266268,5288720,5313399,5338871,5363352,5388272,5413971,5438972,5461512,5479531,5495303,5508214,5515525,5521606,5529543,5541017,5556106,5584264
"Population, total",SP.POP.TOTL,Fragile and conflict affected situations,FCS,674132661,690520612,707248050,723930164,741362383,759831151,778734290,797793348,817412582,837410155,857018106,876449625,896306261,916477490,936789597,957873862,979839336,1001870564,1019145355,1042703808
"Population, total",SP.POP.TOTL,France,FRA,62716306,63188395,63628261,64021737,64379696,64710879,65030575,65345233,65662240,66002289,66312067,66548272,66724104,66918020,67158348,67388001,67571107,67764304,67971311,68170228
"Population, total",SP.POP.TOTL,French Polynesia,PYF,267132,271060,274901,278178,280558,282283,283788,285265,286584,288032,289873,291787,293541,295450,297606,299717,301920,304032,306279,308872
"Population, total",SP.POP.TOTL,Gabon,GAB,1417110,1458353,1502534,1549774,1599978,1653542,1711105,1772500,1836705,1902226,1966855,2028517,2086206,2140215,2192012,2242785,2292573,2341179,2388992,2436566
"Population, total",SP.POP.TOTL,"Gambia, The",GMB,1612225,1660368,1711294,1764883,1820542,1878119,1937275,1998212,2061014,2124869,2189019,2253133,2317206,2381182,2444916,2508883,2573995,2639916,2705992,2773168
"Population, total",SP.POP.TOTL,Georgia,GEO,3927340,3902469,3880347,3860158,3848449,3814419,3786695,3756441,3728874,3717668,3719414,3725276,3727505,3728004,3726549,3720161,3722716,3708610,3712502,3760365
"Population, total",SP.POP.TOTL,Germany,DEU,82516260,82469422,82376451,82266372,82110097,81902307,81776930,80274983,80425823,80645605,80982500,81686611,82348669,82657002,82905782,83092962,83160871,83196078,83797985,84482267
"Population, total",SP.POP.TOTL,Ghana,GHA,21906444,22496951,23098586,23708320,24326087,24950762,25574719,26205941,26858762,27525597,28196358,28870939,29554303,30222262,30870641,31522290,32180401,32833031,33475870,34121985
"Population, total",SP.POP.TOTL,Gibraltar,GIB,28716,29155,29587,29996,30398,30819,31262,31701,32160,32411,32452,32520,32565,32602,32648,32685,32709,32669,32649,32688
"Population, total",SP.POP.TOTL,Greece,GRC,10955141,10987314,11020362,11048473,11077841,11107017,11121341,11104899,11045011,10965211,10892413,10820883,10775971,10754679,10732882,10721582,10698599,10569207,10426919,10361295
"Population, total",SP.POP.TOTL,Greenland,GRL,56911,56935,56774,56555,56328,56323,56905,56890,56810,56483,56295,56114,56186,56172,56023,56225,56367,56653,56661,56865
"Population, total",SP.POP.TOTL,Grenada,GRD,109516,110254,110988,111725,112478,113249,114039,114918,115912,116945,117972,118980,119966,120921,121838,122724,123663,124610,125438,126183
"Population, total",SP.POP.TOTL,Guam,GUM,164004,164430,164675,164763,164725,164580,164905,165649,166392,167054,167543,167978,168346,168606,168678,168624,169231,170534,171774,172952
"Population, total",SP.POP.TOTL,Guatemala,GTM,12682108,12948292,13213330,13477017,13739299,14000190,14259687,14521515,14781942,15043981,15306316,15567419,15827690,16087418,16346950,16604026,16858333,17109746,17357886,17602431
"Population, total",SP.POP.TOTL,Guinea,GIN,8961039,9140114,9330625,9547082,9779785,10021323,10270728,10527712,10788692,11055430,11333365,11625998,11930985,12240789,12554864,12877539,13205153,13531906,13859341,14190612
"Population, total",SP.POP.TOTL,Guinea-Bissau,GNB,1347009,1379713,1414091,1450572,1488431,1527196,1567220,1609017,1652717,1697753,1743309,1788919,1834552,1879826,1924955,1970457,2015828,2060721,2105566,2150842
"Population, total",SP.POP.TOTL,Guyana,GUY,760424,759709,758367,756521,754150,751258,747932,744230,743966,747420,751115,755031,759087,763252,785514,798753,797202,804567,808726,813834
"Population, total",SP.POP.TOTL,Haiti,HTI,8961489,9111900,9266288,9420826,9575247,9730638,9842880,9954312,10108539,10261206,10412740,10563757,10713849,10863543,11012421,11160438,11306801,11447569,11584996,11724763
"Population, total",SP.POP.TOTL,Heavily indebted poor countries (HIPC),HPC,532571131,547936900,563930944,579864063,596301357,613535903,630953183,648927117,667520863,686620331,706617213,727129254,748356635,770390212,792615894,815100831,838066650,861156745,884288332,907995430
"Population, total",SP.POP.TOTL,High income,HIC,1281374060,1288177967,1296180548,1305161431,1314663441,1323316736,1330723736,1335858758,1342743557,1349905020,1357161865,1364282269,1371516373,1377929189,1383955367,1389172209,1393950970,1392964458,1395940386,1403021503
"Population, total",SP.POP.TOTL,Honduras,HND,7383407,7564613,7745200,7924462,8101777,8277302,8450933,8622504,8792367,8960657,9127846,9294505,9460798,9626842,9792850,9958829,10121763,10278345,10432860,10593798
"Population, total",SP.POP.TOTL,"Hong Kong SAR, China",HKG,6783500,6813200,6857100,6916300,6957800,6972800,7024200,7071600,7150100,7178900,7229500,7291300,7336600,7393200,7452600,7507900,7481000,7413100,7346100,7536100
"Population, total",SP.POP.TOTL,Hungary,HUN,10107146,10087065,10071370,10055780,10038188,10022650,10000023,9971727,9920362,9893082,9866468,9843028,9814023,9787966,9775564,9771141,9750149,9709891,9643048,9589872
"Population, total",SP.POP.TOTL,IBRD only,IBD,..,..,..,..,..,..,..,..,..,..,..,..,..,..,..,..,..,..,..,..
"Population, total",SP.POP.TOTL,Iceland,ISL,292074,296734,303782,311566,317414,318499,318041,319014,320716,323764,327386,330815,335439,343400,352721,360563,366463,372520,382003,393600
"Population, total",SP.POP.TOTL,IDA & IBRD total,IBT,5392175010,5466351480,5540049563,5612877854,5686788085,5762203524,5838903143,5917936328,5998753810,6079936045,6160835364,6240908648,6320624467,6400602851,6478776303,6555193386,6628629499,6696373761,6754104791,6819750360
"Population, total",SP.POP.TOTL,IDA blend,IDB,..,..,..,..,..,..,..,..,..,..,..,..,..,..,..,..,..,..,..,..
"Population, total",SP.POP.TOTL,IDA only,IDX,..,..,..,..,..,..,..,..,..,..,..,..,..,..,..,..,..,..,..,..
"Population, total",SP.POP.TOTL,IDA total,IDA,..,..,..,..,..,..,..,..,..,..,..,..,..,..,..,..,..,..,..,..
"Population, total",SP.POP.TOTL,India,IND,1136264583,1154638713,1172373788,1189691809,1206734806,1223640160,1240613620,1257621191,1274487215,1291132063,1307246509,1322866505,1338636340,1354195680,1369003306,1383112050,1396387127,1407563842,1417173173,1428627663
"Population, total",SP.POP.TOTL,Indonesia,IDN,225938595,228805144,231797427,234858289,237936543,240981299,244016173,247099697,250222695,253275918,256229761,259091970,261850182,264498852,267066843,269582878,271857970,273753191,275501339,277534122
"Population, total",SP.POP.TOTL,"Iran, Islamic Rep.",IRN,69061674,70182594,71275760,72319418,73318394,74322685,75373855,76342971,77324451,78458928,79961672,81790841,83306231,84505076,85617562,86564202,87290193,87923432,88550570,89172767
"Population, total",SP.POP.TOTL,Iraq,IRQ,27858948,28698684,28905607,28660887,29218381,30289040,31264875,32378061,33864447,35481800,36746488,37757813,38697943,39621162,40590700,41563520,42556984,43533592,44496122,45504560
"Population, total",SP.POP.TOTL,Ireland,IRL,4070262,4159914,4273591,4398942,4489544,4535375,4560155,4580084,4599533,4623816,4657740,4701957,4755335,4807388,4867316,4934340,4985382,5033164,5127170,5262382
"Population, total",SP.POP.TOTL,Isle of Man,IMN,78677,79415,80228,81100,81997,82915,83828,84350,84338,84144,83896,83593,83450,83580,83775,83933,84046,84263,84519,84710
"Population, total",SP.POP.TOTL,Israel,ISR,6809000,6930100,7053700,7180100,7308800,7485600,7623600,7765800,7910500,8059500,8215700,8380100,8546000,8713300,8882800,9054000,9215100,9371400,9557500,9756700
"Population, total",SP.POP.TOTL,Italy,ITA,57685327,57969484,58143979,58438310,58826731,59095365,59277417,59379449,59539717,60233948,60789140,60730582,60627498,60536709,60421760,59729081,59438851,59133173,58940425,58761146
"Population, total",SP.POP.TOTL,Jamaica,JAM,2664024,2676863,2689660,2701221,2711373,2722401,2733896,2746169,2759817,2773129,2784543,2794445,2802695,2808376,2811835,2813773,2820436,2827695,2827377,2825544
"Population, total",SP.POP.TOTL,Japan,JPN,127761000,127773000,127854000,128001000,128063000,128047000,128070000,127833000,127629000,127445000,127276000,127141000,127076000,126972000,126811000,126633000,126261000,125681593,125124989,124516650
"Population, total",SP.POP.TOTL,Jordan,JOR,5532423,5678534,6075548,6473457,6632873,6780493,6931258,7109980,7211863,7694814,8658026,9494246,9964656,10215381,10459865,10698683,10928721,11148278,11285869,11337052
"Population, total",SP.POP.TOTL,Kazakhstan,KAZ,15012984,15147029,15308085,15484192,15776938,16092822,16321872,16557202,16792090,17035551,17288285,17542806,17794055,18037776,18276452,18513673,18755666,19191356,19634983,19900177
"Population, total",SP.POP.TOTL,Kenya,KEN,34791836,35843010,36925253,38036793,39186895,40364444,41517895,42635144,43725806,44792368,45831863,46851488,47894670,48948137,49953304,50951450,51985780,53005614,54027487,55100586
"Population, total",SP.POP.TOTL,Kiribati,KIR,96224,98164,100083,101998,103966,105996,107995,109871,111618,113311,114985,116707,118513,120362,122261,124241,126463,128874,131232,133515
"Population, total",SP.POP.TOTL,"Korea, Dem. People's Rep.",PRK,23948930,24100982,24235761,24356506,24469047,24581509,24686435,24783789,24887770,25001819,25126131,25258015,25389611,25516321,25638149,25755441,25867467,25971909,26069416,26160821
"Population, total",SP.POP.TOTL,"Korea, Rep.",KOR,48082519,48184561,48438292,48683638,49054708,49307835,49554112,49936638,50199853,50428893,50746659,51014947,51217803,51361911,51585058,51764822,51836239,51769539,51672569,51712619
"Population, total",SP.POP.TOTL,Kosovo,XKX,1832239,1825050,1817659,1810222,1803370,1797466,1792563,1799338,1807106,1818117,1812771,1788196,1777557,1791003,1797085,1788878,1790133,1786038,1768086,1756374
"Population, total",SP.POP.TOTL,Kuwait,KWT,2153481,2235403,2363409,2506769,2650930,2795550,2943356,3143825,3394663,3646518,3761584,3908743,4048085,4124904,4317185,4441100,4360444,4250114,4268873,4310108
"Population, total",SP.POP.TOTL,Kyrgyz Republic,KGZ,5104700,5162600,5218400,5268400,5318700,5383300,5447900,5514600,5607200,5719600,5835500,5956900,6079500,6198200,6322800,6456200,6579900,6773400,6974900,7100800
"Population, total",SP.POP.TOTL,Lao PDR,LAO,5768167,5852970,5946593,6041348,6135861,6229930,6323418,6416327,6508803,6600742,6691454,6787419,6891363,6997917,7105006,7212053,7319399,7425057,7529475,7633779
"Population, total",SP.POP.TOTL,Late-demographic dividend,LTE,2101394737,2114863550,2128474052,2142072086,2155970810,2169765463,2182659481,2196448219,2212426916,2228642364,2244311001,2258792292,2272847109,2287248399,2299720675,2310338402,2318233156,2323185156,2325328254,2326833223
"Population, total",SP.POP.TOTL,Latin America & Caribbean,LCN,549897638,556739532,563424119,569972223,576386180,582738079,588873862,595510008,602139396,608642242,615046755,621390109,627667493,633795231,639626265,645293844,650533026,654978670,659306928,664155299
"Population, total",SP.POP.TOTL,Latin America & Caribbean (excluding high income),LAC,493917791,500076606,506094784,511989821,517759389,523473668,528978305,535014773,541048298,546954103,552781789,558562792,564377885,570381211,576620516,582701622,588011178,592503434,596596955,600825676
"Population, total",SP.POP.TOTL,Latin America & the Caribbean (IDA & IBRD countries),TLA,534010124,540822976,547495145,554042691,560459472,566813381,572949377,579610152,586263141,592784484,599226878,605613677,611946736,618155029,624120970,629795751,634961078,639469895,643884393,648763330
"Population, total",SP.POP.TOTL,Latvia,LVA,2263122,2238799,2218357,2200325,2177322,2141669,2097555,2059709,2034319,2012647,1993782,1977527,1959537,1942248,1927174,1913822,1900449,1884490,1879383,1881750
"Population, total",SP.POP.TOTL,Least developed countries: UN classification,LDC,731086901,749189504,767538041,785635469,803947600,823002155,842807198,863421305,884653995,906405074,928661685,951184941,974516186,998532743,1022731692,1047426093,1072970944,1098791080,1124396999,1150346774
"Population, total",SP.POP.TOTL,Lebanon,LBN,4574797,4643044,4719864,4809608,4887613,4951135,4995800,5045056,5178337,5678851,6274342,6398940,6258619,6109252,5950839,5781907,5662923,5592631,5489739,5353930
"Population, total",SP.POP.TOTL,Lesotho,LSO,1985384,1977424,1976780,1983465,1995014,2009169,2022747,2037677,2054718,2073939,2095242,2118521,2143872,2170617,2198017,2225702,2254100,2281454,2305825,2330318
"Population, total",SP.POP.TOTL,Liberia,LBR,3122447,3266318,3455397,3632740,3783887,3905066,4019956,4181150,4331740,4427313,4519398,4612329,4706097,4796631,4889391,4985289,5087584,5193416,5302681,5418377
"Population, total",SP.POP.TOTL,Libya,LBY,5687563,5837986,5973369,6097177,6228370,6360191,6491988,6188132,5869870,5985221,6097764,6192235,6282196,6378261,6477793,6569088,6653942,6735277,6812341,6888388
"Population, total",SP.POP.TOTL,Liechtenstein,LIE,34300,34603,34889,35150,35401,35675,35926,36189,36505,36806,37096,37355,37609,37889,38181,38482,38756,39039,39327,39584
"Population, total",SP.POP.TOTL,Lithuania,LTU,3377075,3322528,3269909,3231294,3198231,3162916,3097282,3028115,2987773,2957689,2932367,2904910,2868231,2828403,2801543,2794137,2794885,2800839,2831639,2871897
"Population, total",SP.POP.TOTL,Low & middle income,LMY,5163432770,5237940420,5311879939,5384897109,5458824459,5533964000,5610455957,5689033832,5769216950,5849715412,5929949445,6009439133,6088698400,6168617518,6247396829,6324580903,6398830423,6467799496,6527353351,6593137026
"Population, total",SP.POP.TOTL,Low income,LIC,429354375,441886612,455313027,469010772,482640782,496609143,510897321,525506329,540002626,553835758,567702296,582173028,597683499,613946858,630865826,648755452,667053670,685250041,703727949,722984063
"Population, total",SP.POP.TOTL,Lower middle income,LMC,2281546588,2322476208,2362904109,2403305272,2443449823,2483987657,2525974118,2568598935,2610684758,2653214685,2695950000,2737695800,2779326476,2821058566,2862391122,2903108878,2943860780,2983113040,3020375650,3059564861
"Population, total",SP.POP.TOTL,Luxembourg,LUX,458095,465158,472637,479993,488650,497783,506953,518347,530946,543360,556319,569604,582014,596336,607950,620001,630419,640064,653103,668606
"Population, total",SP.POP.TOTL,"Macao SAR, China",MAC,475529,488619,501863,515330,529038,543021,557297,571003,582766,593374,604167,615239,626688,638609,650991,663653,676283,686607,695168,704149
"Population, total",SP.POP.TOTL,Madagascar,MDG,18250774,18792171,19350299,19924958,20513599,21117092,21731053,22348158,22966240,23588073,24215976,24850912,25501941,26169542,26846541,27533134,28225177,28915653,29611714,30325732
"Population, total",SP.POP.TOTL,Malawi,MWI,12411342,12755648,13118307,13495463,13889423,14298932,14718422,15146094,15581251,16024775,16477966,16938942,17405624,17881167,18367883,18867337,19377061,19889742,20405317,20931751
"Population, total",SP.POP.TOTL,Malaysia,MYS,25333247,25923536,26509413,27092604,27664296,28217204,28717731,29184133,29660212,30134807,30606459,31068833,31526418,31975806,32399271,32804020,33199993,33573874,33938221,34308525
"Population, total",SP.POP.TOTL,Maldives,MDV,302135,307018,314401,325126,336883,349037,361575,374440,387539,400728,416738,435582,454252,472442,489758,504508,514438,521457,523787,521021
"Population, total",SP.POP.TOTL,Mali,MLI,12751995,13180551,13623541,14080912,14551117,15032635,15529181,16039734,16514687,17004033,17551814,18112907,18700106,19311355,19934298,20567424,21224040,21904983,22593590,23293698
"Population, total",SP.POP.TOTL,Malta,MLT,401268,403834,405308,406724,409379,412477,414508,416268,420028,425967,434558,445053,455356,467999,484630,504062,515332,518536,531113,553214
"Population, total",SP.POP.TOTL,Marshall Islands,MHL,54435,54337,54208,54038,53816,53593,53416,52971,52203,51352,50419,49410,48329,47187,45989,44728,43413,42050,41569,41996
"Population, total",SP.POP.TOTL,Mauritania,MRT,2946575,3012360,3081229,3153508,3233336,3322616,3419461,3524249,3636113,3742959,3843174,3946220,4051890,4160015,4270712,4383849,4498604,4614974,4736139,4862989
"Population, total",SP.POP.TOTL,Mauritius,MUS,1221003,1228254,1233996,1239630,1244121,1247429,1250400,1252404,1255882,1258927,1261208,1262879,1263747,1264887,1265577,1265985,1266014,1266334,1262523,1261041
"Population, total",SP.POP.TOTL,Mexico,MEX,103945813,105442402,106886790,108302973,109684489,111049428,112532401,114150481,115755909,117290686,118755887,120149897,121519221,122839258,124013861,125085311,125998302,126705138,127504125,128455567
"Population, total",SP.POP.TOTL,"Micronesia, Fed. Sts.",FSM,111438,110940,110301,109532,108704,107868,107588,107887,108232,108609,109024,109462,109925,110430,110929,111379,112106,113131,114164,115224
"Population, total",SP.POP.TOTL,Middle East & North Africa,MEA,347044925,354462370,362633997,371324802,380294099,389332369,397997557,406045323,414117603,422790409,431664579,440506473,448917409,456885486,465073490,473201775,479966649,486174763,493279469,500787313
"Population, total",SP.POP.TOTL,Middle East & North Africa (excluding high income),MNA,305945780,311948573,317983066,324080392,330293304,336675037,343313330,349770162,356239722,363310225,370756356,378137339,385054538,391607422,398375344,405259403,411810124,418047201,424328381,430857111
"Population, total",SP.POP.TOTL,Middle East & North Africa (IDA & IBRD countries),TMN,302709154,308628177,314576732,320585896,326701327,332985938,339527169,345887176,352259724,359233517,366582958,373867247,380687450,387152617,393806257,400574097,407006855,413124452,419284769,425691336
"Population, total",SP.POP.TOTL,Middle income,MIC,4734078395,4796053808,4856566912,4915886337,4976183677,5037354857,5099558636,5163527503,5229214324,5295879654,5362247149,5427266105,5491014901,5554670660,5616531003,5675825451,5731776753,5782549455,5823625402,5870152963
"Population, total",SP.POP.TOTL,Moldova,MDA,2896023,2888985,2880967,2874299,2868833,2865213,2862354,2860699,2860324,2859558,2857815,2835978,2803186,2755189,2707203,2664224,2635130,2595809,2538894,2486891
"Population, total",SP.POP.TOTL,Monaco,MCO,32236,32141,32011,31823,31862,32401,33178,33945,34700,35425,36110,36760,37071,37044,37029,37034,36922,36686,36469,36297
"Population, total",SP.POP.TOTL,Mongolia,MNG,2537949,2559255,2581242,2605643,2633887,2666713,2702520,2743938,2792349,2845153,2902823,2964749,3029555,3096030,3163991,3232430,3294335,3347782,3398366,3447157
"Population, total",SP.POP.TOTL,Montenegro,MNE,613353,614261,615025,615875,616969,618294,619428,620079,620601,621207,621810,622159,622303,622373,622227,622028,621306,619211,617213,616177
"Population, total",SP.POP.TOTL,Morocco,MAR,30033125,30431902,30833022,31232633,31634992,32042877,32464865,32903699,33352169,33803527,34248603,34680458,35107264,35528115,35927511,36304408,36688772,37076584,37457971,37840044
"Population, total",SP.POP.TOTL,Mozambique,MOZ,19694411,20211114,20735982,21280513,21845571,22436660,23073723,23760421,24487611,25251731,26038704,26843246,27696493,28569441,29423878,30285595,31178239,32077072,32969518,33897354
"Population, total",SP.POP.TOTL,Myanmar,MMR,47338446,47724471,48088274,48445647,48729486,49015836,49390988,49794522,50218185,50648334,51072436,51483949,51892349,52288341,52666014,53040212,53423198,53798084,54179306,54577997
"Population, total",SP.POP.TOTL,Namibia,NAM,1939406,1962865,1986558,2011492,2038552,2067919,2099271,2132340,2167470,2204510,2243001,2282704,2323352,2364534,2405680,2446644,2489098,2530151,2567012,2604172
"Population, total",SP.POP.TOTL,Nauru,NRU,10335,10318,10294,10267,10243,10233,10241,10283,10444,10694,10940,11185,11437,11682,11924,12132,12315,12511,12668,12780
"Population, total",SP.POP.TOTL,Nepal,NPL,26003965,26285110,26518971,26713655,26881544,27026941,27161567,27266399,27330694,27381555,27462106,27610325,27861186,28183426,28506712,28832496,29348627,30034989,30547580,30896590
"Population, total",SP.POP.TOTL,Netherlands,NLD,16281779,16319868,16346101,16381696,16445593,16530388,16615394,16693074,16754962,16804432,16865008,16939923,17030314,17131296,17231624,17344874,17441500,17533044,17700982,17879488
"Population, total",SP.POP.TOTL,New Caledonia,NCL,228750,232250,235750,239250,242750,245950,249750,254350,259000,263650,268050,269460,270220,270810,271170,271240,271080,270390,269215,267940
"Population, total",SP.POP.TOTL,New Zealand,NZL,4087500,4133900,4184600,4223800,4259800,4302600,4350700,4384000,4408100,4442100,4516500,4609400,4714100,4813600,4900600,4979200,5090200,5111300,5117200,5223100
"Population, total",SP.POP.TOTL,Nicaragua,NIC,5386223,5454678,5529811,5607453,5687744,5770639,5855734,5942553,6030607,6119379,6208676,6298598,6389235,6480532,6572233,6663924,6755895,6850540,6948392,7046310
"Population, total",SP.POP.TOTL,Niger,NER,13366885,13855221,14365168,14897873,15455175,16037915,16647543,17283112,17954407,18653199,19372014,20128124,20921743,21737922,22577058,23443393,24333639,25252722,26207977,27202843
"Population, total",SP.POP.TOTL,Nigeria,NGA,136756848,140490722,144329764,148294028,152382506,156595758,160952853,165463745,170075932,174726123,179379016,183995785,188666931,193495907,198387623,203304492,208327405,213401323,218541212,223804632
"Population, total",SP.POP.TOTL,North America,NAC,324807845,327823485,331015628,334184981,337406537,340467234,343398169,345987266,348655855,351205940,353885533,356508729,359247112,361731076,363974737,366012359,369619464,370352605,372274062,375076145
"Population, total",SP.POP.TOTL,North Macedonia,MKD,2016186,2005330,1994287,1982933,1971493,1958782,1946298,1937398,1929821,1922716,1917557,1912430,1906313,1898657,1889051,1876262,1856124,1837114,1831712,1811980
"Population, total",SP.POP.TOTL,Northern Mariana Islands,MNP,71898,69025,66060,63050,60032,57056,54087,52520,52359,52141,51856,51514,51133,50729,50304,49858,49587,49481,49551,49796
"Population, total",SP.POP.TOTL,Norway,NOR,4591910,4623291,4660677,4709153,4768212,4828726,4889252,4953088,5018573,5079623,5137232,5188607,5234519,5276968,5311916,5347896,5379475,5408320,5457127,5519594
"Population, total",SP.POP.TOTL,Not classified,INX,..,..,..,..,..,..,..,..,..,..,..,..,..,..,..,..,..,..,..,..
"Population, total",SP.POP.TOTL,OECD members,OED,1236495045,1245446032,1254649829,1263898714,1273582233,1282496705,1290949310,1297593832,1305512665,1313642010,1322072133,1330316951,1338792226,1346867182,1354843844,1362032167,1369502262,1371972508,1377465841,1385005653
"Population, total",SP.POP.TOTL,Oman,OMN,2468855,2515192,2560649,2605700,2651028,2697537,2881914,3206870,3535579,3816680,4009267,4191776,4398070,4541854,4601157,4602768,4543399,4520471,4576298,4644384
"Population, total",SP.POP.TOTL,Other small states,OSS,11222098,11405515,11594881,11789816,11986192,12174812,12328684,12440374,12569929,12725773,12900102,13082531,13258300,13439650,13608679,13751038,13853034,13943732,14095313,14240737
"Population, total",SP.POP.TOTL,Pacific island small states,PSS,2146140,2172802,2199540,2226078,2251506,2276149,2301401,2327284,2353058,2379069,2405308,2431426,2457814,2484263,2510226,2536070,2566819,2602173,2639019,2677728
"Population, total",SP.POP.TOTL,Pakistan,PAK,170648620,174372098,178069984,181924521,185931955,190123222,194454498,198602738,202205861,205337562,208251628,210969298,213524840,216379655,219731479,223293280,227196741,231402117,235824862,240485658
"Population, total",SP.POP.TOTL,Palau,PLW,19907,19831,19619,19366,19102,18826,18540,18240,17946,17805,17796,17794,17816,17837,17864,17916,17972,18024,18055,18058
"Population, total",SP.POP.TOTL,Panama,PAN,3243311,3305868,3368573,3431614,3495276,3559343,3623617,3688674,3754862,3821556,3888793,3957099,4026336,4096063,4165255,4232532,4294396,4351267,4408581,4468087
"Population, total",SP.POP.TOTL,Papua New Guinea,PNG,6293166,6498818,6708217,6921066,7137988,7358890,7583269,7806637,8026545,8245627,8464153,8682174,8899169,9114796,9329227,9542486,9749640,9949437,10142619,10329931
"Population, total",SP.POP.TOTL,Paraguay,PRY,5416324,5476878,5534675,5590145,5645148,5702574,5768613,5843939,5923322,6005652,6090721,6177950,6266615,6355404,6443328,6530026,6618695,6703799,6780744,6861524
"Population, total",SP.POP.TOTL,Peru,PER,27893911,28147267,28381078,28600387,28806185,29009326,29229572,29477721,29749589,30038809,30353951,30711863,31132779,31605486,32203944,32824861,33304756,33715471,34049588,34352719
"Population, total",SP.POP.TOTL,Philippines,PHL,84607501,86261250,87901835,89561377,91252326,92946951,94636700,96337913,98032317,99700107,101325201,103031365,104875266,106738501,108568836,110380804,112190977,113880328,115559009,117337368
"Population, total",SP.POP.TOTL,Poland,POL,38182222,38165445,38141267,38120560,38125759,38151603,38042794,38063255,38063164,38040196,38011735,37986412,37970087,37974826,37974750,37965475,37899070,37747124,36821749,36685849
"Population, total",SP.POP.TOTL,Portugal,PRT,10483861,10503330,10522288,10542964,10558177,10568247,10573100,10557560,10514844,10457295,10401062,10358076,10325452,10300300,10283822,10286263,10297081,10361831,10409704,10525347
"Population, total",SP.POP.TOTL,Post-demographic dividend,PST,1041239406,1046467578,1052106051,1058252734,1064632148,1070086582,1075047440,1077986944,1082488131,1087228563,1092176251,1097076319,1102054942,1106262382,1110198958,1113410921,1117530670,1116651310,1114354147,1119478514
"Population, total",SP.POP.TOTL,Pre-demographic dividend,PRE,621974508,640493810,659115651,677333522,697003893,718121906,739525992,761717101,784822780,808542070,832469778,856420253,880891473,905987912,931467165,957503246,984213438,1011043183,1038012552,1065710613
"Population, total",SP.POP.TOTL,Puerto Rico,PRI,3826878,3821362,3805214,3782995,3760866,3740410,3721525,3678732,3634488,3593077,3534874,3473232,3406672,3325286,3193354,3193694,3281557,3262693,3220113,3205691
"Population, total",SP.POP.TOTL,Qatar,QAT,777943,848710,1015060,1231893,1444277,1610274,1713504,1804171,1905660,2035501,2214465,2414573,2595166,2711755,2766732,2807235,2760385,2688235,2695122,2716391
"Population, total",SP.POP.TOTL,Romania,ROU,21451748,21319685,21193760,20882982,20537875,20367487,20246871,20147528,20058035,19983693,19908979,19815616,19702267,19588715,19473970,19371648,19265250,19122059,19047009,19056116
"Population, total",SP.POP.TOTL,Russian Federation,RUS,144067316,143518814,143049637,142805114,142742366,142785348,142849468,143018195,143378447,143805638,144237223,144640716,145015460,145293260,145398106,145453291,145245148,144746762,144236933,143826130
"Population, total",SP.POP.TOTL,Rwanda,RWA,8791853,9026299,9270066,9523168,9781996,10043737,10309031,10576932,10840334,11101350,11368451,11642959,11930899,12230339,12531808,12835028,13146362,13461888,13776698,14094683
"Population, total",SP.POP.TOTL,Samoa,WSM,188073,188626,189379,190478,191787,193176,194672,196351,198124,199939,201757,203571,205544,207630,209701,211905,214929,218764,222382,225681
"Population, total",SP.POP.TOTL,San Marino,SMR,29093,29508,29959,30372,30700,31059,31608,32495,33132,33285,33389,33570,33834,34056,34156,34178,34007,33745,33660,33642
"Population, total",SP.POP.TOTL,Sao Tome and Principe,STP,157697,161680,165725,169845,174004,178128,182138,186044,189924,193757,197497,201124,204632,208036,211344,214599,218641,223107,227380,231856
"Population, total",SP.POP.TOTL,Saudi Arabia,SAU,23661808,24397644,25382870,26400068,27437353,28483797,29411929,30150945,30821543,31482498,32125564,32749848,33416270,34193122,35018133,35827362,35997107,35950396,36408820,36947025
"Population, total",SP.POP.TOTL,Senegal,SEN,10698691,10974057,11263387,11563869,11872929,12195029,12530121,12875880,13231833,13595566,13970308,14356181,14751356,15157793,15574909,16000781,16436120,16876720,17316449,17763163
"Population, total",SP.POP.TOTL,Serbia,SRB,7463157,7440769,7411569,7381579,7350222,7320807,7291436,7234099,7199077,7164132,7130576,7095383,7058322,7020858,6982604,6945235,6899126,6834326,6664449,6618026
"Population, total",SP.POP.TOTL,Seychelles,SYC,82475,82858,84600,85033,86956,87298,89770,87441,88303,89949,91359,93419,94677,95843,96762,97625,98462,99258,119878,119773
"Population, total",SP.POP.TOTL,Sierra Leone,SLE,5533329,5683334,5809774,5939163,6090860,6259842,6436698,6612385,6788587,6964859,7140688,7314773,7493913,7677565,7861281,8046828,8233970,8420641,8605718,8791092
"Population, total",SP.POP.TOTL,Singapore,SGP,4166664,4265762,4401365,4588599,4839396,4987573,5076732,5183688,5312437,5399162,5469724,5535002,5607283,5612253,5638676,5703569,5685807,5453566,5637022,5917648
"Population, total",SP.POP.TOTL,Sint Maarten (Dutch part),SXM,32488,33011,33441,33811,33964,34238,34056,33435,34640,36607,37685,38825,38992,38615,38934,39648,40350,40708,40888,41163
"Population, total",SP.POP.TOTL,Slovak Republic,SVK,5372280,5372807,5373054,5374622,5379233,5386406,5391428,5398384,5407579,5413393,5418649,5423801,5430798,5439232,5446771,5454147,5458827,5447247,5431752,5426740
"Population, total",SP.POP.TOTL,Slovenia,SVN,1997012,2000474,2006868,2018122,2021316,2039669,2048583,2052843,2057159,2059953,2061980,2063531,2065042,2066388,2073894,2088385,2102419,2108079,2111986,2120937
"Population, total",SP.POP.TOTL,Small states,SST,16103414,16334853,16572025,16814517,17057446,17291609,17490321,17645826,17821789,18026868,18251250,18483937,18709361,18940564,19177011,19377482,19526038,19674424,19881389,20086203
"Population, total",SP.POP.TOTL,Solomon Islands,SLB,471785,482486,493430,504619,516001,527833,540394,553721,567763,582365,597375,612660,628102,643634,659249,674993,691191,707851,724273,740424
"Population, total",SP.POP.TOTL,Somalia,SOM,10117354,10467292,10784973,11118092,11444870,11730037,12026649,12216837,12440326,12852485,13309235,13763906,14292847,14864221,15411094,15981300,16537016,17065581,17597511,18143378
"Population, total",SP.POP.TOTL,South Africa,ZAF,48556071,49017147,49491756,49996094,50565812,51170779,51784921,52443325,53145033,53873616,54729551,55876504,56422274,56641209,57339635,58087055,58801927,59392255,59893885,60414495
"Population, total",SP.POP.TOTL,South Asia,SAS,1515703001,1541263909,1565892885,1589454615,1612709085,1636411632,1660546144,1684898004,1708706729,1731683901,1754030304,1775545180,1797072648,1818931519,1840534093,1861598514,1882531620,1901911604,1919348000,1938549529
"Population, total",SP.POP.TOTL,South Asia (IDA & IBRD),TSA,1515703001,1541263909,1565892885,1589454615,1612709085,1636411632,1660546144,1684898004,1708706729,1731683901,1754030304,1775545180,1797072648,1818931519,1840534093,1861598514,1882531620,1901911604,1919348000,1938549529
"Population, total",SP.POP.TOTL,South Sudan,SSD,7317118,7662654,8029517,8417823,8823888,9229227,9714419,10243050,10701604,11106031,11213284,11194299,11066105,10658226,10395329,10447666,10606227,10748272,10913164,11088796
"Population, total",SP.POP.TOTL,Spain,ESP,42921895,43653155,44397319,45226803,45954106,46362946,46576897,46742697,46773055,46620045,46480882,46444832,46484062,46593236,46797754,47134837,47365655,47415794,47778340,48373336
"Population, total",SP.POP.TOTL,Sri Lanka,LKA,19490431,19673866,19870706,20078655,20285643,20482477,20668557,20859743,21017147,21131756,21239457,21336697,21425494,21506813,21670000,21803000,21919000,22156000,22181000,22037000
"Population, total",SP.POP.TOTL,St. Kitts and Nevis,KNA,46580,46725,46874,47015,47156,47286,47403,47581,47727,47767,47789,47790,47788,47785,47761,47712,47642,47606,47657,47755
"Population, total",SP.POP.TOTL,St. Lucia,LCA,164239,165386,166470,167518,168576,169688,170935,172145,173124,173978,174804,175623,176413,177163,177888,178583,179237,179651,179857,180251
"Population, total",SP.POP.TOTL,St. Martin (French part),MAF,32697,33452,34183,34887,35541,36132,36458,36350,36026,35639,35261,35020,34811,34496,33852,33121,32553,31948,31791,32077
"Population, total",SP.POP.TOTL,St. Vincent and the Grenadines,VCT,112608,112043,111427,110824,110316,109840,109308,108703,108083,107450,106912,106482,105963,105549,105281,104924,104632,104332,103948,103698
"Population, total",SP.POP.TOTL,Sub-Saharan Africa,SSF,746546802,766978666,788110000,810019264,832642735,855885698,879797419,904282154,929328653,955096702,981506608,1008698799,1036155989,1063885274,1092403973,1121549049,1151302081,1181163013,1211190002,1241897817
"Population, total",SP.POP.TOTL,Sub-Saharan Africa (excluding high income),SSA,746464327,766895808,788025400,809934231,832555779,855798400,879707649,904194713,929240350,955006753,981415249,1008605380,1036061312,1063789431,1092307211,1121451424,1151203619,1181063755,1211070124,1241778044
"Population, total",SP.POP.TOTL,Sub-Saharan Africa (IDA & IBRD countries),TSS,746546802,766978666,788110000,810019264,832642735,855885698,879797419,904282154,929328653,955096702,981506608,1008698799,1036155989,1063885274,1092403973,1121549049,1151302081,1181163013,1211190002,1241897817
"Population, total",SP.POP.TOTL,Sudan,SDN,28831550,29540577,30332968,31191163,32065241,32948155,33739933,34419624,35159792,35990704,37003245,38171178,39377169,40679828,41999059,43232093,44440486,45657202,46874204,48109006
"Population, total",SP.POP.TOTL,Suriname,SUR,510572,516220,522023,527946,533938,539987,546080,552146,558111,563947,569682,575475,581453,587559,593715,600301,607065,612985,618040,623236
"Population, total",SP.POP.TOTL,Sweden,SWE,8993531,9029572,9080505,9148092,9219637,9298515,9378126,9449213,9519374,9600379,9696110,9799186,9923085,10057698,10175214,10278887,10353442,10415811,10486941,10536632
"Population, total",SP.POP.TOTL,Switzerland,CHE,7389625,7437115,7483934,7551117,7647675,7743831,7824909,7912398,7996861,8089346,8188649,8282396,8373338,8451840,8514329,8575280,8638167,8704546,8775760,8849852
"Population, total",SP.POP.TOTL,Syrian Arab Republic,SYR,18084007,18583557,19432009,20703005,21474059,21827220,22337563,22730733,22605577,21495821,20072232,19205178,18964252,18983373,19333463,20098251,20772595,21324367,22125249,23227014
"Population, total",SP.POP.TOTL,Tajikistan,TJK,6801204,6929145,7057417,7188391,7324627,7468596,7621779,7784819,7956382,8136610,8326348,8524063,8725318,8925525,9128132,9337003,9543207,9750064,9952787,10143543
"Population, total",SP.POP.TOTL,Tanzania,TZA,38360879,39439505,40562052,41716497,42870884,43957933,45110527,46416031,47786137,49253643,50814552,52542823,54401802,56267032,58090443,59872579,61704518,63588334,65497748,67438106
"Population, total",SP.POP.TOTL,Thailand,THA,65311166,65821360,66319525,66826754,67328239,67813654,68270489,68712846,69157023,69578602,69960943,70294397,70607037,70898202,71127802,71307763,71475664,71601103,71697030,71801279
"Population, total",SP.POP.TOTL,Timor-Leste,TLS,945989,969313,994564,1019362,1043076,1065540,1088486,1112976,1137676,1161555,1184830,1205813,1224562,1243235,1261845,1280438,1299995,1320942,1341296,1360596
"Population, total",SP.POP.TOTL,Togo,TGO,5565218,5711597,5874240,6047537,6222482,6398624,6571855,6748672,6926635,7106229,7288383,7473229,7661354,7852795,8046679,8243094,8442580,8644829,8848699,9053799
"Population, total",SP.POP.TOTL,Tonga,TON,105036,105633,106190,106638,106932,107144,107383,107611,107502,107089,106626,106122,105707,105415,105150,104951,105254,106017,106858,107773
"Population, total",SP.POP.TOTL,Trinidad and Tobago,TTO,1361172,1369075,1376919,1384861,1392803,1401191,1410296,1420020,1430377,1440729,1450661,1460177,1469330,1478607,1504709,1519955,1518147,1525663,1531044,1534937
"Population, total",SP.POP.TOTL,Tunisia,TUN,10292225,10388344,10483558,10580395,10680380,10784504,10895063,11032528,11174383,11300284,11428948,11557779,11685667,11811443,11933041,12049314,12161723,12262946,12356117,12458223
"Population, total",SP.POP.TOTL,Turkiye,TUR,67785075,68704715,69601333,70158112,71051678,72039206,73142150,74223629,75175827,76147624,77181884,78218479,79277962,80312698,81407204,82579440,83384680,84147318,84979913,85326000
"Population, total",SP.POP.TOTL,Turkmenistan,TKM,4819792,4885775,4954029,5024894,5100083,5180957,5267970,5360811,5458682,5560095,5663152,5766431,5868561,5968383,6065066,6158420,6250438,6341855,6430770,6516100
"Population, total",SP.POP.TOTL,Turks and Caicos Islands,TCA,22869,23995,25128,26268,27422,28581,29726,30816,32081,33594,34985,36538,38246,39844,41487,43080,44276,45114,45703,46062
"Population, total",SP.POP.TOTL,Tuvalu,TUV,9791,9912,10030,10149,10272,10408,10550,10700,10854,10918,10899,10877,10852,10828,10865,10956,11069,11204,11312,11396
"Population, total",SP.POP.TOTL,Uganda,UGA,27146084,27946588,28773227,29629804,30509862,31412520,32341728,33295738,34273295,35273570,36336539,37477356,38748299,40127085,41515395,42949080,44404611,45853778,47249585,48582334
"Population, total",SP.POP.TOTL,Ukraine,UKR,47451626,47105171,46787786,46509355,46258189,46053331,45870741,45706086,45593342,45489648,45272155,45167350,45038236,44880758,44690584,44474512,44207754,43848986,38000000,37000000
"Population, total",SP.POP.TOTL,United Arab Emirates,ARE,3993339,4280993,4898954,5872624,6988685,7992644,8481771,8575205,8664969,8751847,8835951,8916899,8994263,9068296,9140169,9211657,9287289,9365145,9441129,9516871
"Population, total",SP.POP.TOTL,United Kingdom,GBR,59987905,60401206,60846820,61322463,61806995,62276270,62766365,63258810,63700215,64128273,64602298,65116219,65611593,66058859,66460344,66836327,67081234,67026292,67791000,68350000
"Population, total",SP.POP.TOTL,United States,USA,292805298,295516599,298379912,301231207,304093966,306771529,309327143,311583481,313877662,316059947,318386329,320738994,323071755,325122128,326838199,328329953,331526933,332048977,333271411,334914895
"Population, total",SP.POP.TOTL,Upper middle income,UMC,2452531807,2473577600,2493662803,2512581065,2532733854,2553367200,2573584518,2594928568,2618529566,2642664969,2666297149,2689570305,2711688425,2733612094,2754139881,2772716573,2787915973,2799436415,2803249752,2810588102
"Population, total",SP.POP.TOTL,Uruguay,URY,3313801,3317665,3322282,3328651,3336126,3344156,3352651,3361637,3371133,3381180,3391662,3402818,3413766,3422200,3427042,3428409,3429086,3426260,3422794,3423108
"Population, total",SP.POP.TOTL,Uzbekistan,UZB,25864350,26167000,26488250,26868000,27302800,27767400,28562400,29339400,29774500,30243200,30757700,31298900,31847900,32388600,32956100,33580350,34232050,34915100,35648100,36412350
"Population, total",SP.POP.TOTL,Vanuatu,VUT,212422,217632,222923,228345,233952,239689,245453,251294,257313,263534,269927,276438,283218,290239,297298,304404,311685,319137,326740,334506
"Population, total",SP.POP.TOTL,"Venezuela, RB",VEN,26226927,26668785,27102081,27525097,27933833,28327892,28715022,29096159,29470426,29838021,30193258,30529716,30741464,30563433,29825653,28971683,28490453,28199867,28301696,28838499
"Population, total",SP.POP.TOTL,Viet Nam,VNM,82311227,83142095,83951800,84762269,85597241,86482923,87411012,88349117,89301326,90267739,91235504,92191398,93126529,94033048,94914330,95776716,96648685,97468029,98186856,98858950
"Population, total",SP.POP.TOTL,Virgin Islands (U.S.),VIR,108466,108453,108369,108337,108397,108404,108357,108290,108188,108041,107882,107712,107516,107281,107001,106669,106290,105870,105413,104917
"Population, total",SP.POP.TOTL,West Bank and Gaza,PSE,3236626,3320396,3406334,3494496,3591977,3689099,3786161,3882986,3979998,4076708,4173398,4270092,4367088,4454805,4569087,4685306,4803269,4922749,5043612,5165775
"Population, total",SP.POP.TOTL,World,WLD,6471033757,6552787172,6635162568,6717583637,6801421733,6885608628,6969894715,7053988749,7141430933,7229458453,7317304568,7404251118,7490956237,7577110140,7661177849,7742724795,7821271846,7888963821,7951595433,8024997028
"Population, total",SP.POP.TOTL,"Yemen, Rep.",YEM,20733406,21320671,21966298,22641538,23329004,24029589,24743946,25475610,26223391,26984002,27753304,28516545,29274002,30034389,30790513,31546691,32284046,32981641,33696614,34449825
"Population, total",SP.POP.TOTL,Zambia,ZMB,11188040,11564870,11971567,12402073,12852966,13318087,13792086,14265814,14744658,15234976,15737793,16248230,16767761,17298054,17835893,18380477,18927715,19473125,20017675,20569737
"Population, total",SP.POP.TOTL,Zimbabwe,ZWE,12160881,12224753,12330490,12450568,12550347,12679810,12839771,13025785,13265331,13555422,13855753,14154937,14452704,14751101,15052184,15354608,15669666,15993524,16320537,16665409
,,,,,,,,,,,,,,,,,,,,,,,
,,,,,,,,,,,,,,,,,,,,,,,
,,,,,,,,,,,,,,,,,,,,,,,
Data from database: Health Nutrition and Population Statistics,,,,,,,,,,,,,,,,,,,,,,,
Last Updated: 07/01/2024,,,,,,,,,,,,,,,,,,,,,,,
